{
	"list": [
		{
			"classify_id": 1,
			"goods_img": "//gd4.alicdn.com/imgextra/i2/726671139/O1CN01UsYSFL1KHhdcGkTfo_!!726671139.jpg_400x400.jpg",
			"goods_name": "连衣裙ins夏chic2019新款很仙的法国小众吊带网纱超仙a字裙两件套",
			"goods_id": 61,
			"shop_name": "恋上公主",
			"sales_num": 1,
			"price": "105.00"
		},
		{
			"classify_id": 2,
			"goods_img": "//gd3.alicdn.com/imgextra/i3/726671139/O1CN01P4vwli1KHhdYOfl9j_!!726671139.jpg_400x400.jpg",
			"goods_name": "防晒衬衫女长袖薄款设计感小众百搭外穿2019新款超薄透气雪纺衬衣",
			"goods_id": 62,
			"shop_name": "恋上公主",
			"sales_num": 2,
			"price": "116.00"
		},
		{
			"classify_id": 2,
			"goods_img": "//gd2.alicdn.com/imgextra/i1/726671139/O1CN010EFA6U1KHhdODcpz0_!!726671139.jpg_400x400.jpg",
			"goods_name": "2019网红时尚连衣裙很仙的夏款网纱小清新温柔波点吊带T恤裙套装",
			"goods_id": 63,
			"shop_name": "恋上公主",
			"sales_num": 3,
			"price": "129.00"
		},
		{
			"classify_id": 4,
			"goods_img": "//gd4.alicdn.com/imgextra/i4/726671139/O1CN01nonA501KHhctJZ7Tk_!!726671139.jpg_400x400.jpg",
			"goods_name": "新款衬衫女时尚洋气超仙设计感小众2019长袖收腰雪纺韩版chic衬衣",
			"goods_id": 64,
			"shop_name": "恋上公主",
			"sales_num": 3,
			"price": "69.00"
		}
	]
}
